,Accuracy,Precision,Recall,F1-Score,AUC
ANN,0.8315,0.578125,0.6363636363636364,0.6058479532163743,0.8481470684860514
LSTM,0.2035,0.2035,1.0,0.3381803074366431,0.5628378763971984
Fusion,0.854,0.6638176638176638,0.5724815724815725,0.6147757255936676,0.8476172628715001
