,Accuracy,Precision,Recall,F1-Score,AUC
ANN,0.8165,0.5429184549356223,0.6216216216216216,0.579610538373425,0.8371437693471593
LSTM,0.4595,0.23547880690737832,0.7371007371007371,0.35693039857227843,0.5595294832582968
Fusion,0.8455,0.6237373737373737,0.6068796068796068,0.6151930261519303,0.8540312269125828
